Function,Statistic,RB_C1,RB_C2,RB_C3,RB_C4,RA_C1,RA_C2,RA_C3,RA_C4,MPHB
F1,mean,1.005e-09,4.916e-09,1.005e-09,1.896e-07,4.848e-04,4.843e-04,4.848e-04,7.524e-07,3.869e-04
,std,4.202e-09,1.529e-08,4.202e-09,4.577e-07,2.653e-03,2.653e-03,2.653e-03,2.002e-06,3.925e-04
,rank,1.500,4.000,1.500,7.000,16.500,15.000,16.500,12.000,14.000
F2,mean,3.612e+01,4.007e+01,3.612e+01,3.367e+01,3.285e+01,3.544e+01,3.285e+01,2.878e+01,3.043e+01
,std,2.062e+01,1.830e+01,2.062e+01,2.158e+01,2.219e+01,2.148e+01,2.219e+01,2.335e+01,2.219e+01
,rank,15.500,17.000,15.500,11.000,9.500,14.000,9.500,4.000,6.000
F3,mean,1.068e+00,1.002e+00,1.068e+00,1.072e+00,9.945e-01,1.126e+00,9.945e-01,1.379e+00,4.295e-02
,std,9.016e-01,1.043e+00,9.016e-01,1.027e+00,8.743e-01,1.229e+00,8.743e-01,2.333e+00,8.786e-02
,rank,12.500,11.000,12.500,14.000,9.500,16.000,9.500,17.000,5.000
F4,mean,4.319e+01,4.645e+01,4.319e+01,4.322e+01,4.534e+01,4.211e+01,4.534e+01,4.381e+01,3.598e+01
,std,1.113e+01,1.293e+01,1.113e+01,1.421e+01,1.445e+01,1.240e+01,1.445e+01,1.193e+01,8.547e+00
,rank,7.500,14.000,7.500,9.000,11.500,6.000,11.500,10.000,3.000
F5,mean,3.445e+02,3.181e+02,3.445e+02,4.093e+02,4.540e+02,3.013e+02,4.540e+02,4.245e+02,2.096e+01
,std,1.925e+02,1.723e+02,1.925e+02,2.073e+02,2.458e+02,1.570e+02,2.458e+02,2.522e+02,2.341e+01
,rank,8.500,7.000,8.500,10.000,12.500,6.000,12.500,11.000,1.000
F6,mean,5.705e+01,5.576e+01,5.705e+01,1.157e+02,5.548e+01,1.228e+02,5.548e+01,5.215e+01,1.635e+01
,std,4.305e+01,3.510e+01,4.305e+01,3.905e+02,2.624e+01,2.657e+02,2.624e+01,2.820e+01,1.075e+01
,rank,12.500,11.000,12.500,16.000,9.500,17.000,9.500,7.000,1.000
F7,mean,7.219e+01,6.164e+01,7.219e+01,7.280e+01,5.691e+01,5.666e+01,5.691e+01,6.791e+01,2.881e+01
,std,4.265e+01,3.215e+01,4.265e+01,4.042e+01,2.529e+01,2.060e+01,2.529e+01,3.543e+01,5.945e+00
,rank,14.500,10.000,14.500,16.000,7.500,6.000,7.500,13.000,1.000
F8,mean,3.485e+01,2.967e+01,3.485e+01,2.515e+01,3.825e+01,2.621e+01,3.825e+01,3.383e+01,2.114e+01
,std,3.046e+01,2.191e+01,3.046e+01,6.540e+00,3.532e+01,6.911e+00,3.532e+01,3.024e+01,5.232e-01
,rank,13.500,10.000,13.500,6.000,16.500,7.000,16.500,12.000,5.000
F9,mean,1.808e+02,1.808e+02,1.808e+02,1.808e+02,1.808e+02,1.808e+02,1.808e+02,1.808e+02,1.808e+02
,std,9.542e-07,1.851e-07,9.542e-07,1.809e-07,9.246e-07,5.241e-07,9.246e-07,1.534e-07,3.823e-06
,rank,13.500,8.000,13.500,7.000,15.500,10.000,15.500,6.000,17.000
F10,mean,1.613e+02,1.365e+02,1.613e+02,1.909e+02,1.639e+02,1.805e+02,1.639e+02,1.741e+02,1.005e+02
,std,9.872e+01,8.971e+01,9.872e+01,1.099e+02,1.112e+02,1.083e+02,1.112e+02,1.085e+02,9.948e-02
,rank,9.500,6.000,9.500,16.000,12.500,15.000,12.500,14.000,5.000
F11,mean,3.274e+02,3.267e+02,3.274e+02,3.233e+02,3.200e+02,3.133e+02,3.200e+02,3.140e+02,2.800e+02
,std,4.471e+01,4.498e+01,4.471e+01,4.302e+01,4.068e+01,3.457e+01,4.068e+01,3.451e+01,1.186e+02
,rank,14.500,12.000,14.500,11.000,9.500,6.000,9.500,7.000,1.000
F12,mean,2.554e+02,2.548e+02,2.554e+02,2.587e+02,2.568e+02,2.542e+02,2.568e+02,2.590e+02,2.391e+02
,std,1.847e+01,1.614e+01,1.847e+01,1.407e+01,1.082e+01,1.454e+01,1.082e+01,1.500e+01,4.469e+00
,rank,8.500,7.000,8.500,12.000,10.500,6.000,10.500,13.000,2.000
AvgRank,rank,11.000,9.750,11.000,11.250,11.750,10.333,11.750,10.500,5.083
