Function,Statistic,B_C1,B_C2,B_C3,B_C4,A_C1,A_C2,A_C3,A_C4,MPHB
F1,mean,3.615e-07,2.845e-07,3.099e-07,2.608e-07,1.677e-09,1.568e-08,5.041e-09,2.925e-06,3.869e-04
,std,2.687e-07,2.784e-07,2.517e-07,1.921e-07,8.341e-09,8.413e-08,2.745e-08,1.586e-05,3.925e-04
,rank,11.000,9.000,10.000,8.000,3.000,6.000,5.000,13.000,14.000
F2,mean,2.752e+01,3.446e+01,3.162e+01,3.071e+01,2.795e+01,2.985e+01,2.700e+01,3.425e+01,3.043e+01
,std,2.399e+01,2.244e+01,2.434e+01,2.200e+01,2.293e+01,2.285e+01,2.320e+01,2.031e+01,2.219e+01
,rank,2.000,13.000,8.000,7.000,3.000,5.000,1.000,12.000,6.000
F3,mean,1.803e-05,1.917e-03,9.264e-04,7.189e-03,7.297e-01,7.103e-01,7.931e-01,1.123e+00,4.295e-02
,std,2.712e-05,1.043e-02,4.979e-03,3.449e-02,7.776e-01,7.800e-01,9.031e-01,1.389e+00,8.786e-02
,rank,1.000,3.000,2.000,4.000,7.000,6.000,8.000,15.000,5.000
F4,mean,3.735e+01,3.107e+01,3.632e+01,3.592e+01,5.118e+01,4.633e+01,5.197e+01,5.391e+01,3.598e+01
,std,1.087e+01,9.953e+00,1.042e+01,9.139e+00,1.417e+01,1.301e+01,1.614e+01,1.253e+01,8.547e+00
,rank,5.000,1.000,4.000,2.000,15.000,13.000,16.000,17.000,3.000
F5,mean,3.031e+01,4.425e+01,3.707e+01,3.884e+01,5.505e+02,4.796e+02,5.492e+02,5.667e+02,2.096e+01
,std,3.510e+01,4.817e+01,5.048e+01,4.280e+01,2.637e+02,2.226e+02,2.686e+02,2.285e+02,2.341e+01
,rank,2.000,5.000,3.000,4.000,16.000,14.000,15.000,17.000,1.000
F6,mean,2.264e+01,2.775e+01,2.400e+01,2.802e+01,5.224e+01,5.771e+01,6.395e+01,5.111e+01,1.635e+01
,std,1.691e+01,1.859e+01,2.025e+01,2.284e+01,3.304e+01,3.855e+01,3.630e+01,3.149e+01,1.075e+01
,rank,2.000,4.000,3.000,5.000,8.000,14.000,15.000,6.000,1.000
F7,mean,2.945e+01,3.378e+01,3.157e+01,3.366e+01,6.652e+01,6.193e+01,6.140e+01,7.412e+01,2.881e+01
,std,1.045e+01,1.067e+01,9.975e+00,1.036e+01,2.912e+01,2.730e+01,2.588e+01,3.971e+01,5.945e+00
,rank,2.000,5.000,3.000,4.000,12.000,11.000,9.000,17.000,1.000
F8,mean,2.056e+01,2.016e+01,2.102e+01,2.109e+01,2.840e+01,3.503e+01,2.882e+01,3.236e+01,2.114e+01
,std,2.297e+00,3.097e+00,4.168e-01,4.335e-01,2.221e+01,2.983e+01,2.246e+01,2.413e+01,5.232e-01
,rank,2.000,1.000,3.000,4.000,8.000,15.000,9.000,11.000,5.000
F9,mean,1.808e+02,1.808e+02,1.808e+02,1.808e+02,1.808e+02,1.808e+02,1.808e+02,1.808e+02,1.808e+02
,std,1.049e-08,2.046e-09,7.831e-09,1.269e-09,5.414e-08,8.717e-07,2.402e-07,9.569e-07,3.823e-06
,rank,4.000,2.000,3.000,1.000,5.000,11.000,9.000,12.000,17.000
F10,mean,5.154e+01,8.170e+01,6.044e+01,9.759e+01,1.618e+02,1.537e+02,1.589e+02,1.929e+02,1.005e+02
,std,5.894e+01,6.876e+01,5.820e+01,7.116e+01,1.008e+02,1.174e+02,1.123e+02,1.340e+02,9.948e-02
,rank,1.000,3.000,2.000,4.000,11.000,7.000,8.000,17.000,5.000
F11,mean,3.000e+02,3.033e+02,3.000e+02,3.200e+02,3.307e+02,3.307e+02,3.267e+02,3.033e+02,2.800e+02
,std,6.433e+01,6.687e+01,6.433e+01,4.068e+01,4.630e+01,4.630e+01,4.498e+01,6.687e+01,1.186e+02
,rank,2.000,5.000,3.000,8.000,16.000,17.000,13.000,4.000,1.000
F12,mean,2.410e+02,2.412e+02,2.407e+02,2.387e+02,2.630e+02,2.596e+02,2.617e+02,2.596e+02,2.391e+02
,std,7.529e+00,6.937e+00,4.523e+00,4.137e+00,1.732e+01,1.406e+01,1.742e+01,1.463e+01,4.469e+00
,rank,4.000,5.000,3.000,1.000,17.000,15.000,16.000,14.000,2.000
AvgRank,rank,3.167,4.667,3.917,4.333,10.083,11.167,10.333,12.917,5.083
